symbol,date,market_cap_group,industry,company_name,market_cap,current_price,PFCF,PB,ROE,ROA,AE,PE,PFCF_mean,PB_mean,ROE_mean,ROA_mean,AE_mean,PE_mean
CNR,4/1/2026,Mid,"Oil, Gas & Consumable Fuels","Core Natural Resources, Inc.",5291,104.25,254.26829268292684,1.4447062084257207,-5.8407,-2.98,1.6666,-34.98322148,5.815478842155597,2.1912965988134063,7.912017307692309,4.4192981481481475,2.0291234042553192,6.183363051753396
TGNA,4/1/2026,,,,,,,,,,,,,,,,,
ABEV,4/1/2026,Large,Beverages,Ambev S.A.,45763,2.93,12.73913043478261,2.8446601941747574,16.977,9.1359,1.6503,16.27777777777778,32.071427782521894,5.964215078720522,20.88782727272728,7.572754545454544,2.947309090909091,22.94378719187648
ACLS,4/1/2026,Mid,Semiconductors & Semiconductor Equipment,"Axcelis Technologies, Inc.",2922,95.09,28.050147492625367,2.8233372921615203,11.745,5.5031,1.3157,25.02368421052632,34.35138942651848,5.403959288201423,1.327668,1.0363814814814813,1.5467279999999999,2.4688631285277105
AEO,4/1/2026,Mid,Specialty Retail,"American Eagle Outfitters, Inc.",2807,16.84,14.902654867256638,1.6806387225548902,10.729,5.3014,2.3682,15.449541284403669,10.596924150032804,2.1254259360011947,14.863350000000002,5.659005,3.3122833333333337,12.547064942001088
ASO,4/1/2026,Mid,Specialty Retail,"Academy Sports and Outdoors, Inc.",3692,57.35,17.27409638554217,1.7155249775650614,18.047,6.1011,2.4303,10.351985559566787,10.596924150032804,2.1254259360011947,14.863350000000002,5.659005,3.3122833333333337,12.547064942001088
ATKR,4/1/2026,Mid,Electrical Equipment,Atkore Inc.,2076,61.51,10.623488773747841,1.4771853986551393,-3.1914,4.3055,1.9844,-44.89781022,7.4625068958325915,4.076441759325958,-5.269790909,0.8220833333333332,1.814055555555556,1.3589279391042672
BYD,4/1/2026,Mid,"Hotels, Restaurants & Leisure",Boyd Gaming Corporation,6306,83.74,22.57142857142857,2.4514051522248246,87.788,8.72,2.5205,3.7118794326241136,17.272865344325563,5.79739402,12.421408695652175,5.713747999999999,5.0677348148148145,28.057884903177783
CHA,4/1/2026,Small,"Hotels, Restaurants & Leisure",Chagee Holdings Limited,1874,10.09,6.958620689655173,1.8412408759124086,21.062,9.3252,1.5613,11.46590909090909,2.1571270688701225,1.5211169956070314,-8.498772727,3.2054965517241385,2.4619185185185186,7.160099779339943
CHRD,4/1/2026,Mid,"Oil, Gas & Consumable Fuels",Chord Energy Corporation,8049,142,11.853088480801334,0.9975412715138743,0.5298,4.1439,1.6181,191.8918918918919,5.815478842155597,2.1912965988134063,7.912017307692309,4.4192981481481475,2.0291234042553192,6.183363051753396
COP,4/1/2026,Large,"Oil, Gas & Consumable Fuels",ConocoPhillips,159085,130.52,22.581314878892734,2.479483282674772,12.357,6.4206,1.8909,20.55433070866142,18.967661408653836,2.662028023,13.45764583333333,5.426062000000001,2.6502745098039213,19.725607955841095
CRUS,4/1/2026,Mid,Semiconductors & Semiconductor Equipment,"Cirrus Logic, Inc.",7505,147.13,12.500424808836025,3.5676527643064984,19.866,11.827,1.168,19.461640211640212,34.35138942651848,5.403959288201423,1.327668,1.0363814814814813,1.5467279999999999,2.4688631285277105
CTRA,4/1/2026,Large,"Oil, Gas & Consumable Fuels",Coterra Energy Inc.,26243,34.56,16.074418604651164,1.7704918032786887,12.275,6.7097,1.6337,15.428571428571429,18.967661408653836,2.662028023,13.45764583333333,5.426062000000001,2.6502745098039213,19.725607955841095
CVE,4/1/2026,Large,"Oil, Gas & Consumable Fuels",Cenovus Energy Inc.,49913,26.56,19.969924812030072,2.1734860883797054,12.8,4.6066,2.0129,16.91719745,18.967661408653836,2.662028023,13.45764583333333,5.426062000000001,2.6502745098039213,19.725607955841095
DDI,4/1/2026,Small,Entertainment,"DoubleDown Interactive Co., Ltd.",440,8.88,3.2290909090909095,0.46298227320125135,11.454,8.1522,1.0951,4.2898550724637685,-1.608440803,0.10889935388938446,19.18845555555556,3.9340500000000005,-0.899336364,1.3651702309129712
DOX,4/1/2026,Mid,IT Services,Amdocs Limited,7146,66.43,9.669577874818051,2.087680703959774,16.479,8.1557,1.8534,12.849129593810446,2.302980652426871,2.305188396839473,0.9417909090909091,2.333458333333333,2.5191750000000006,6.824091490436465
FHI,4/1/2026,Mid,Capital Markets,"Federated Hermes, Inc.",4384,57.81,14.747448979591837,3.5207064555420216,34.305,14.89,1.8625,11.269005847953217,8.181238882486241,3.131860065421262,18.52553170731707,6.940260975609756,2.9179648648648646,13.92016091
FINV,4/1/2026,Small,Consumer Finance,FinVolution Group,1220,4.94,4.660377358490567,0.5178197064989518,15.712,16.387,1.5356,3.605839416058394,4.876138459012815,1.0775900253525952,11.247179999999998,5.9601444444444445,3.5064625000000005,6.024909429273242
G,4/1/2026,Mid,Professional Services,Genpact Limited,6407,37.74,9.050359712230216,2.5210420841683367,22.373,8.7367,2.292,12.057507987220449,13.828031880333963,3.8580763131367375,19.12185625,6.687611764705883,3.1366058823529412,19.581278890882203
GIB,4/1/2026,Large,IT Services,CGI Inc.,15888,73.98,10.721739130434782,2.1810141509433962,16.781,9.0159,1.9015,13.624309392265195,17.81625231081216,5.599392786,8.605900000000002,4.6747,2.071,19.65812301687642
GIII,4/1/2026,Small,"Textiles, Apparel & Luxury Goods","G-III Apparel Group, Ltd.",1181,28,4.530744337,0.6711409395973155,3.916,3.8415,1.4832,18.543046357615893,10.901168655929585,1.6985072464790498,4.686283333333333,3.3846,2.5028,12.818039837930087
GMAB,4/1/2026,Large,Biotechnology,Genmab A/S,16883,27.5,1.510989010989011,0.2898092528190536,17.535,8.1013,2.2016,1.7891997397527653,4.060324201,7.753625637295522,9.969995454545456,-0.915356,1.57629,4.461158078424918
GSL,4/1/2026,Small,Marine Transportation,"Global Ship Lease, Inc.",1380,38.41,3.818091451292246,0.7659022931206381,25.514,9.2858,1.5886,3.393109540636042,3.497726804,0.845408809,5.9707625,2.6164,1.8607500000000001,13.649976558123573
HAFN,4/1/2026,Mid,"Oil, Gas & Consumable Fuels",Hafnia Limited,3953,7.91,8.597826086956522,1.6901709401709404,14.794,5.9229,1.6363,11.805970149253731,5.815478842155597,2.1912965988134063,7.912017307692309,4.4192981481481475,2.0291234042553192,6.183363051753396
HG,4/1/2026,Mid,Insurance,"Hamilton Insurance Group, Ltd.",3016,30.33,3.615017878426698,1.0642105263157895,32.615,6.1254,3.3917,5.464864864864865,6.811338818211685,1.872651554965882,16.59051428571429,2.558079166666667,5.570202608695651,9.842637042948573
HNI,4/1/2026,Mid,Commercial Services & Supplies,HNI Corporation,2338,32.47,7.464367816091954,1.2614607614607616,4.0508,4.4673,2.6613,29.252252252252248,21.775921253668265,2.5328676007934647,11.477808333333336,4.1149700000000005,2.328490909090909,21.761839066923116
KOF,4/1/2026,Large,Beverages,"Coca-Cola FEMSA, S.A.B. de C.V.",20748,98.76,53.383783783783784,2.5559006211180124,16.427,7.8438,2.1514,15.676190476190477,32.071427782521894,5.964215078720522,20.88782727272728,7.572754545454544,2.947309090909091,22.94378719187648
LDOS,4/1/2026,Large,Professional Services,"Leidos Holdings, Inc.",20000,158.82,12.505511811023622,4.082776349614396,31.034,9.9045,2.7447,14.256732495511669,17.25366027976275,7.318269104271244,33.46069230769231,8.544864285714285,3.596753846153846,23.590679560571683
LX,4/1/2026,Small,Consumer Finance,LexinFintech Holdings Ltd.,379,2.25,3.2608695652173916,0.22123893805309736,14.781,4.3845,1.9379,1.6666666666666665,4.876138459012815,1.0775900253525952,11.247179999999998,5.9601444444444445,3.5064625000000005,6.024909429273242
MAT,4/1/2026,Mid,Leisure Products,"Mattel, Inc.",4340,14.36,11.131782945736433,1.9379217273954115,17.682,5.564,2.9737,11.580645161290322,10.79144341201525,3.4766081506560944,11.82664,5.146614285714286,3.4267,14.883044384716792
MOMO,4/1/2026,Small,Interactive Media & Services,Hello Group Inc.,900,5.93,10.05084745762712,0.5680076628352491,7.1635,5.2645,1.2431,8.720588235294116,5.671861169777502,1.179840217954329,0.649323529,3.2777049999999996,1.7859352941176472,8.42367103
NMIH,4/1/2026,Mid,Financial Services,"NMI Holdings, Inc.",2859,37.54,7.069679849340867,1.1047675103001766,16.174,9.1829,1.4819,7.630081300813008,8.536226472791464,2.755405210621604,14.501627777777777,5.093914285714286,5.420038095238095,11.272249252372104
NXT,4/1/2026,Large,Electrical Equipment,Nextpower Inc.,16790,113.08,28.340852130325814,7.804002760524499,33.172,13.605,1.7668,28.920716112531967,37.860832109740734,9.038129837818868,18.490175,6.876341666666666,2.16936,37.93704199541443
ON,4/1/2026,Large,Semiconductors & Semiconductor Equipment,ON Semiconductor Corporation,24504,62.19,18.026086956521738,3.2156153050672183,1.4976,5.0232,1.6322,214.44827586206898,47.678591393358225,9.592473610114068,16.00429411764706,8.152122222222223,1.7139055555555553,52.977050643775996
OVV,4/1/2026,Large,"Oil, Gas & Consumable Fuels",Ovintiv Inc.,16768,59.18,-14.75810474,1.3389140271493212,11.54,6.5142,1.8214,12.380753138075313,18.967661408653836,2.662028023,13.45764583333333,5.426062000000001,2.6502745098039213,19.725607955841095
PAGS,4/1/2026,Mid,Financial Services,PagSeguro Digital Ltd.,2890,10.34,3.162079510703364,1.0827225130890052,14.456,6.2894,5.0828,7.953846153846153,8.536226472791464,2.755405210621604,14.501627777777777,5.093914285714286,5.420038095238095,11.272249252372104
PDD,4/1/2026,Large,Broadline Retail,PDD Holdings Inc.,143200,100.87,9.220292504570384,2.384633569739953,27.29,10.42,1.5185,10.518248175182482,44.93388560374682,5.555165521544705,20.297375000000002,5.1449125,3.091925,25.087763502750622
PDS,4/1/2026,Small,Energy Equipment & Services,Precision Drilling Corporation,1223,94.49,11.579656862745097,1.0588301210219633,0.1891,3.7768,1.7213,944.8999999999999,8.068869380455245,1.6148655396303067,4.031655555555556,3.3061549999999995,2.0954666666666664,21.708074883430353
PHM,4/1/2026,Large,Household Durables,"PulteGroup, Inc.",22472,117.29,13.28312570781427,1.7407242505194422,17.674,10.862,1.3899,10.547661870503598,17.022568328705567,3.055551614571579,16.8618125,7.798675,1.5363285714285713,15.454437303239242
PTC,4/1/2026,Large,Software,PTC Inc.,16975,142.65,19.225067385444746,4.413675742574258,23.141,11.239,1.6727,20.97794117647059,22.214775830818876,7.474356627592237,14.635591428571427,4.470505405405405,2.147371875,35.58139891540584
RAL,4/1/2026,Mid,"Electronic Equipment, Instruments & Components",Ralliant Corporation,4694,42,13.20754716981132,2.9005524861878453,-45.302,3.7861,2.3384,-3.874538745,21.621206081455078,2.976528164,8.949,4.332269230769231,2.2891884615384614,30.312203686497295
RWAY,4/1/2026,,,,,,,,,,,,,,,,,
SCVL,4/1/2026,Small,Specialty Retail,"Shoe Carnival, Inc.",440,16,16.494845360824744,0.6351726875744342,7.8091,3.5877,1.7425,8.421052631578947,13.056983579059382,1.480517231001716,6.653315384615384,2.47875,2.7077132142857145,9.190074036676814
SFD,4/1/2026,Large,Food Products,"Smithfield Foods, Inc.",11163,28.37,15.761111111111111,1.6398843930635838,15.209,7.1671,1.7905,11.302788844621515,16.462539767219408,1.7353308932069766,10.016421428571428,4.221086666666667,2.4358,16.697953156167184
SGU,4/1/2026,Small,Gas Utilities,"Star Group, L.P.",412,12.54,6.565445026,1.2552552552552552,24.931,7.0054,3.2085,6.565445026,13.713573576918794,1.6662928818649156,23.814,6.3009,3.51715,8.160831965825324
SITC,4/1/2026,Small,Retail REITs,SITE Centers Corp.,283,5.4,14.594594594594597,0.8463949843260189,41.775,-0.2101,1.2508,1.6071428571428572,11.846166812818103,2.5446166140834348,18.444557142857146,2.4980571428571428,6.154528571428571,20.788818604237914
SM,4/1/2026,Mid,"Oil, Gas & Consumable Fuels",SM Energy Company,7299,30.62,6.528784648187633,0.7297426120114395,14.325,7.0106,1.9237,5.4387211367673185,5.815478842155597,2.1912965988134063,7.912017307692309,4.4192981481481475,2.0291234042553192,6.183363051753396
STNG,4/1/2026,Mid,"Oil, Gas & Consumable Fuels",Scorpio Tankers Inc.,3956,76.43,7.244549763033175,1.1267875571281145,11.354,4.9941,1.2247,10.871977240398294,5.815478842155597,2.1912965988134063,7.912017307692309,4.4192981481481475,2.0291234042553192,6.183363051753396
SU,4/1/2026,Large,"Oil, Gas & Consumable Fuels",Suncor Energy Inc.,78217,65.9,15.917874396135268,2.3920145190562616,13.204,5.6219,1.9926,18.668555240793204,18.967661408653836,2.662028023,13.45764583333333,5.426062000000001,2.6502745098039213,19.725607955841095
TGT,4/1/2026,Large,Consumer Staples Distribution & Retail,Target Corporation,54546,120.45,19.302884615384617,3.3739495798319328,24.034,5.2639,3.6802,14.81549815498155,28.694651370409215,7.187756129453154,21.0153,6.597399999999999,3.240311111111111,31.74811986485497
TMHC,4/1/2026,Mid,Household Durables,Taylor Morrison Home Corporation,5589,58.02,7.400510204081633,0.8900138057984355,12.985,7.6041,1.5632,7.467181467181468,20.786030241046916,1.2986753021837745,10.882825000000002,6.4199230769230775,1.524427272727273,13.150377147787095
TPVG,4/1/2026,,,,,,,,,,,,,,,,,
TTE,4/1/2026,Large,"Oil, Gas & Consumable Fuels",TotalEnergies SE,197280,92.39,19.491561181434598,1.723372505,11.235,4.2783,2.5335,15.984429065743944,18.967661408653836,2.662028023,13.45764583333333,5.426062000000001,2.6502745098039213,19.725607955841095
VCTR,4/1/2026,Mid,Capital Markets,"Victory Capital Holdings, Inc.",3943,62.93,10.794168096054888,1.6652553585604657,18.614,10.716,1.752,15.424019607843137,8.181238882486241,3.131860065421262,18.52553170731707,6.940260975609756,2.9179648648648646,13.92016091
VIPS,4/1/2026,Mid,Broadline Retail,Vipshop Holdings Limited,7185,15,10.416666666666668,1.2254901960784315,17.233,6.6133,1.9228,7.425742574257426,16.11274093043616,3.2841599969489192,11.107399999999998,6.382737499999999,1.8923666666666668,15.983924367899814
WIT,4/1/2026,Large,IT Services,Wipro Limited,22630,2.16,14.400000000000002,2.273684210526316,15.195,6.766,1.5744,15.428571428571429,17.81625231081216,5.599392786,8.605900000000002,4.6747,2.071,19.65812301687642
YALA,4/1/2026,Small,Interactive Media & Services,Yalla Group Limited,1005,6.38,5.962616822429906,1.2129277566539924,19.754,8.9979,1.1061,7.686746987951808,5.671861169777502,1.179840217954329,0.649323529,3.2777049999999996,1.7859352941176472,8.42367103
YUMC,4/1/2026,Large,"Hotels, Restaurants & Leisure","Yum China Holdings, Inc.",17279,49.19,21.574561403508774,3.238314680710994,16.031,7.5728,2.0047,19.59760956175299,26.053064731602383,3.285333086933021,12.48525,6.8746875,2.3595178260869565,24.2230521
ZM,4/1/2026,Large,Software,"Zoom Communications, Inc.",24269,82.36,12.868749999999999,2.481470322386261,20.275,6.2194,1.2194,13.326860841423949,22.214775830818876,7.474356627592237,14.635591428571427,4.470505405405405,2.147371875,35.58139891540584
DAC,4/1/2026,Mid,Marine Transportation,Danaos Corporation,2101,115.43,6.113877118644068,0.5554593137962562,13.701,6.5767,1.3473,4.313527653213752,9.618998576394542,1.2439776082788565,13.8796,5.8923,1.6420000000000001,13.891623132660834
ABEV,5/1/2026,Large,Beverages,Ambev S.A.,45230,2.9,12.608695652173912,2.815533980582524,16.977,9.1359,1.6503,16.11111111111111,25.33606765864497,3.299883927631297,17.41835,6.525862500000001,2.605553333333333,24.35343344
ACLS,5/1/2026,Mid,Semiconductors & Semiconductor Equipment,"Axcelis Technologies, Inc.",4302,139.99,41.29498525073746,4.156472684085511,11.745,5.5031,1.3157,36.83947368421053,8.999428069279793,5.869503037199465,-0.555559375,0.7519709677419354,1.574025,7.593887971265394
AEO,5/1/2026,Mid,Specialty Retail,"American Eagle Outfitters, Inc.",2823,16.94,14.99115044247788,1.6906187624750502,10.729,5.3014,2.3682,15.541284403669724,10.93959312823886,2.299335868259603,14.524104761904761,5.699378947,3.1467818181818177,13.634603037965286
ASO,5/1/2026,Mid,Specialty Retail,"Academy Sports and Outdoors, Inc.",3472,53.83,16.21385542168675,1.6102303320370923,18.047,6.1011,2.4303,9.716606498194945,10.93959312823886,2.299335868259603,14.524104761904761,5.699378947,3.1467818181818177,13.634603037965286
BYD,5/1/2026,Mid,"Hotels, Restaurants & Leisure",Boyd Gaming Corporation,6363,84.5,22.776280323450134,2.4736533957845435,87.788,8.72,2.5205,3.6627654963155614,15.836373068353177,5.2944267584324685,11.982592307692308,6.630572413793105,4.918581666666666,19.10802365606294
CHA,5/1/2026,Mid,"Hotels, Restaurants & Leisure",Chagee Holdings Limited,2091,10.96,7.558620689655173,1.985507246376812,21.062,9.3252,1.5613,12.454545454545455,15.836373068353177,5.2944267584324685,11.982592307692308,6.630572413793105,4.918581666666666,19.10802365606294
CHRD,5/1/2026,Mid,"Oil, Gas & Consumable Fuels",Chord Energy Corporation,8223,145.06,12.108514190317194,1.0190375834211451,0.5298,4.1439,1.6181,196.02702702702703,4.517689132001528,2.2118661001527054,8.074821568627451,3.7871716981132075,2.048346808510638,2.744226816
COP,5/1/2026,Large,"Oil, Gas & Consumable Fuels",ConocoPhillips,150082,123.19,21.313148788927336,2.3402355623100304,12.357,6.4206,1.8909,19.400000000000002,17.79597743,2.5793046311520875,13.919556249999998,5.782911538,2.6897372549019605,20.654459210679573
CRUS,5/1/2026,Mid,Semiconductors & Semiconductor Equipment,"Cirrus Logic, Inc.",8377,164.24,13.954120645709432,3.982541222114452,19.866,11.827,1.168,21.724867724867728,8.999428069279793,5.869503037199465,-0.555559375,0.7519709677419354,1.574025,7.593887971265394
CTRA,5/1/2026,Large,"Oil, Gas & Consumable Fuels",Coterra Energy Inc.,26866,35.38,16.455813953488374,1.8125000000000002,12.275,6.7097,1.6337,15.794642857142858,17.79597743,2.5793046311520875,13.919556249999998,5.782911538,2.6897372549019605,20.654459210679573
CVE,5/1/2026,Large,"Oil, Gas & Consumable Fuels",Cenovus Energy Inc.,55017,29.27,22.00751879699248,2.395253682487725,12.8,4.6066,2.0129,18.643312101910826,17.79597743,2.5793046311520875,13.919556249999998,5.782911538,2.6897372549019605,20.654459210679573
DDI,5/1/2026,,,,,,,,,,,,,,,,,
DOX,5/1/2026,Mid,IT Services,Amdocs Limited,6960,64.7,9.417758369723435,2.0333123821495915,16.479,8.1557,1.8534,12.51450676982592,5.426641394143173,2.0354141142207642,3.5328999999999993,3.1690583333333326,3.7534,17.182600117403076
FHI,5/1/2026,Mid,Capital Markets,"Federated Hermes, Inc.",4104,54.12,13.806122448979592,3.2641737032569362,33.76,15.33,1.7801,10.508737864077668,9.647443679446136,3.321364976193808,16.33688461538462,6.891926190476188,2.6210459459459456,14.116724509565088
FINV,5/1/2026,Small,Consumer Finance,FinVolution Group,1188,5.03,4.745283018867925,0.5272536687631028,15.712,16.387,1.5356,3.6715328467153285,3.308385936489577,1.2612919433754184,13.488645000000002,6.586934782608695,4.602277272727272,6.627690784009515
G,5/1/2026,Mid,Professional Services,Genpact Limited,5828,34.33,8.232613908872901,2.2932531730126917,22.373,8.7367,2.292,10.968051118210862,14.48278633886176,3.886032666988572,16.666926315789475,6.1314863636363635,3.2862571428571434,17.533408157248527
GIB,5/1/2026,Large,IT Services,CGI Inc.,13943,66.58,9.607503607503608,3.5302226935312833,16.622,8.814,1.9302,12.105454545454545,18.34421064339019,3.707187825836391,13.905741176470588,5.689030000000001,2.1979278947368424,17.420481968384102
GIII,5/1/2026,Small,"Textiles, Apparel & Luxury Goods","G-III Apparel Group, Ltd.",1331,31.54,5.1035598705501615,0.7559923298178332,3.916,3.8415,1.4832,20.887417218543046,10.897637583172216,1.9841884326848127,6.007083333333334,3.443877777777778,2.518075,17.603304228568298
GMAB,5/1/2026,Large,Biotechnology,Genmab A/S,16238,26.45,1.4532967032967032,0.27874380862050796,17.535,8.1013,2.2016,1.7208848405985686,5.521998788994022,10.089000180052468,13.587816666666663,0.7903384615384615,1.689909090909091,12.194142143416089
GSL,5/1/2026,Small,Marine Transportation,"Global Ship Lease, Inc.",1462,40.57,4.032803180914513,0.8089730807577269,25.514,9.2858,1.5886,3.583922261484099,9.644656790887945,0.9133750974567298,7.2608799999999984,3.469690000000001,1.8656099999999998,13.932732465278457
HAFN,5/1/2026,Mid,"Oil, Gas & Consumable Fuels",Hafnia Limited,4458,8.92,9.695652173913043,1.905982905982906,14.794,5.9445,1.6363,13.313432835820894,4.517689132001528,2.2118661001527054,8.074821568627451,3.7871716981132075,2.048346808510638,2.744226816
HG,5/1/2026,Mid,Insurance,"Hamilton Insurance Group, Ltd.",3135,31.58,3.7640047675804524,1.1517140773158276,33.74,6.0284,3.6232,5.177049180327869,8.268195257541267,1.674130999344996,15.711520689655172,3.000667741935484,4.617300689655173,10.383156707724925
HNI,5/1/2026,Mid,Commercial Services & Supplies,HNI Corporation,2695,37.44,8.606896551724137,1.4545454545454546,4.0508,4.4673,2.6613,33.729729729729726,15.438841181494059,2.5766970988072218,11.096699999999998,5.589315384615385,2.3313,21.622413102355786
KOF,5/1/2026,Large,Beverages,"Coca-Cola FEMSA, S.A.B. de C.V.",21368,101.71,54.97837837837837,2.770634704440207,15.825,7.5225,2.4099,16.619281045751634,25.33606765864497,3.299883927631297,17.41835,6.525862500000001,2.605553333333333,24.35343344
LDOS,5/1/2026,Large,Professional Services,"Leidos Holdings, Inc.",18792,149.23,11.750393700787402,3.836246786632391,31.034,9.9045,2.7447,13.395870736086174,17.28824635,7.657317713570504,31.85645454545455,8.754158333333333,3.5416818181818184,22.689677776595587
LX,5/1/2026,Small,Consumer Finance,LexinFintech Holdings Ltd.,356,2.16,3.1304347826086962,0.21238938053097348,14.781,4.3845,1.9379,1.6,3.308385936489577,1.2612919433754184,13.488645000000002,6.586934782608695,4.602277272727272,6.627690784009515
MAT,5/1/2026,Mid,Leisure Products,"Mattel, Inc.",4338,14.93,11.573643410852712,2.1087570621468927,23.555,5.3562,3.0049,9.449367088607595,12.910212468458733,4.266408806674449,13.157742857142855,5.232177777777778,2.765966666666667,-0.514397373
MOMO,5/1/2026,Small,Interactive Media & Services,Hello Group Inc.,918,6.21,10.52542372881356,0.5948275862068966,7.1635,5.2645,1.2431,9.132352941,6.569388761,1.3209718842249885,6.739983333333332,3.2627777777777776,1.8789125000000002,8.659737576491318
NMIH,5/1/2026,Mid,Financial Services,"NMI Holdings, Inc.",2834,37.21,7.007532957,1.0950559152442614,16.174,9.1829,1.4819,7.563008130081301,7.555451520092274,2.680031652642261,14.938888888888888,4.898065217391304,5.350522727272727,10.937514340888805
NXT,5/1/2026,Large,Electrical Equipment,Nextpower Inc.,17807,119.93,30.05764411027569,8.276742581090408,33.172,13.605,1.7668,30.672634271099746,36.19876865635535,9.764938982,19.634133333333335,7.2756125,2.064723076923077,46.31815187
ON,5/1/2026,Large,Semiconductors & Semiconductor Equipment,ON Semiconductor Corporation,40525,103.03,29.863768115942026,5.327300930713547,1.4976,5.0232,1.6322,355.2758620689655,57.90407021305416,12.292264499552566,18.57498095238095,8.563138095238097,1.6525047619047617,66.42785914049452
OVV,5/1/2026,Large,"Oil, Gas & Consumable Fuels",Ovintiv Inc.,17241,60.85,-15.17456359,1.3766968325791855,11.54,6.5142,1.8214,12.730125523012552,17.79597743,2.5793046311520875,13.919556249999998,5.782911538,2.6897372549019605,20.654459210679573
PAGS,5/1/2026,Mid,Financial Services,PagSeguro Digital Ltd.,2759,9.87,3.018348623853211,1.0335078534031412,14.456,6.2894,5.0828,7.592307692307691,7.555451520092274,2.680031652642261,14.938888888888888,4.898065217391304,5.350522727272727,10.937514340888805
PDD,5/1/2026,Large,Broadline Retail,PDD Holdings Inc.,141941,99.72,9.115173674588666,2.3574468085106384,27.29,10.42,1.5185,10.398331595411888,90.10938379315895,6.118659538971192,20.80075,5.1379375,3.1323999999999996,26.822476841528506
PDS,5/1/2026,Small,Energy Equipment & Services,Precision Drilling Corporation,1226,94.64,11.598039215686274,1.0605109816225908,0.1891,3.7768,1.7213,946.4,13.688952791801036,1.706779453060565,5.1228375,3.6795111111111103,2.464441176470588,18.83858699
PHM,5/1/2026,Large,Household Durables,"PulteGroup, Inc.",22708,119.21,13.1,1.7556701030927833,16.178,9.9597,1.4046,11.49566055930569,15.047085329650569,3.1832675834171917,16.6401875,7.68045,1.5528857142857144,16.128167010478172
PTC,5/1/2026,Large,Software,PTC Inc.,16247,136.53,18.400269541778975,4.224319306930693,23.141,11.239,1.6727,20.07794117647059,20.28778427055526,6.731711642561926,13.679764864864865,3.9345829268292687,2.2840090909090907,32.472989721633404
RAL,5/1/2026,Mid,"Electronic Equipment, Instruments & Components",Ralliant Corporation,5114,45.69,14.367924528301886,3.1553867403314912,-45.302,3.7861,2.3384,-4.214944649,53.86242108692898,3.297261507415034,8.369250000000001,4.002275,2.1278500000000005,35.617661279925926
RWAY,5/1/2026,Small,Capital Markets,Runway Growth Finance Corp.,291,6.85,1.3484251968503935,0.5104321907600596,6.8109,6.0677,1.9797,7.365591397849461,-1.579509416,1.2119816829438066,7.223302222222222,4.755877500000001,2.2128840909090908,8.368021432
SCVL,5/1/2026,Small,Specialty Retail,"Shoe Carnival, Inc.",507,18.43,19,0.7316395394998014,7.8091,3.5877,1.7425,9.700000000000001,10.139850211107765,1.767560806227145,3.1171259259259263,2.100667741935484,2.5021414814814817,7.919785444717985
SFD,5/1/2026,Large,Food Products,"Smithfield Foods, Inc.",10345,26.29,12.950738916256158,1.5074541284403669,14.953,7.2846,1.7485,10.26953125,15.552533529603412,1.658530635730603,12.590290476190475,4.733208695652174,2.409081818181818,17.588274640535715
SGU,5/1/2026,Small,Gas Utilities,"Star Group, L.P.",410,12.47,6.528795811518325,1.2482482482482482,24.931,7.0054,3.2085,6.528795811518325,14.165651066368522,1.8319604486706502,17.6299,5.55224,3.37034,13.54714270968305
SITC,5/1/2026,,,,,,,,,,,,,,,,,
SM,5/1/2026,Mid,"Oil, Gas & Consumable Fuels",SM Energy Company,7305,30.47,6.496801705756929,0.7261677788369876,14.325,7.0106,1.9237,5.412078152753108,4.517689132001528,2.2118661001527054,8.074821568627451,3.7871716981132075,2.048346808510638,2.744226816
STNG,5/1/2026,Mid,"Oil, Gas & Consumable Fuels",Scorpio Tankers Inc.,4184,82.99,7.866350710900473,1.223499926286304,11.354,4.9941,1.2247,11.805120910384067,4.517689132001528,2.2118661001527054,8.074821568627451,3.7871716981132075,2.048346808510638,2.744226816
SU,5/1/2026,Large,"Oil, Gas & Consumable Fuels",Suncor Energy Inc.,80176,67.55,16.316425120772948,2.4519056261343013,13.204,5.6219,1.9926,19.135977337110482,17.79597743,2.5793046311520875,13.919556249999998,5.782911538,2.6897372549019605,20.654459210679573
TGT,5/1/2026,Large,Consumer Staples Distribution & Retail,Target Corporation,58539,128.89,20.655448717948715,3.6103641456582625,24.034,5.2639,3.6802,15.85362853628536,16.280660195734008,5.464187334568826,17.61702105263158,5.478100000000001,3.879576470588235,30.59399196530799
TMHC,5/1/2026,Mid,Household Durables,Taylor Morrison Home Corporation,5642,60.39,8.578125,0.9144457904300424,11.109,6.6164,1.5661,8.986607142857144,17.93430808164012,1.8017337202651766,10.202123076923076,5.981942857142856,1.5222500000000003,14.463464318301142
TPVG,5/1/2026,,,,,,,,,,,,,,,,,
TTE,5/1/2026,Large,"Oil, Gas & Consumable Fuels",TotalEnergies SE,206572,92.78,18.33596837944664,1.6152506963788302,12.512,4.8918,2.567,13.407514450867053,17.79597743,2.5793046311520875,13.919556249999998,5.782911538,2.6897372549019605,20.654459210679573
VCTR,5/1/2026,Mid,Capital Markets,"Victory Capital Holdings, Inc.",4880,77.89,13.360205831903945,2.061127282349828,18.614,10.716,1.752,19.090686274509803,9.647443679446136,3.321364976193808,16.33688461538462,6.891926190476188,2.6210459459459456,14.116724509565088
VIPS,5/1/2026,Mid,Broadline Retail,Vipshop Holdings Limited,6974,14.52,9.428571428571429,1.1853061224489796,17.233,6.4922,1.9228,7.188118811881188,15.507791680118617,4.079943409935283,11.1074,6.737155555555556,2.099342857142857,15.40404423323574
WIT,5/1/2026,Large,IT Services,Wipro Limited,21268,2.03,14.499999999999996,2.280898876404494,15.487,6.8618,1.6066,15.615384615384613,18.34421064339019,3.707187825836391,13.905741176470588,5.689030000000001,2.1979278947368424,17.420481968384102
YALA,5/1/2026,Small,Interactive Media & Services,Yalla Group Limited,1026,6.76,7.7701149425287355,1.2754716981132075,19.754,8.9979,1.1061,8.144578313253012,6.569388761,1.3209718842249885,6.739983333333332,3.2627777777777776,1.8789125000000002,8.659737576491318
YUMC,5/1/2026,Large,"Hotels, Restaurants & Leisure","Yum China Holdings, Inc.",17130,48.8,19.0625,3.170890188434048,16.292,7.8357,1.9947,18.769230769230766,26.436044485857604,5.6871027775805265,11.665214814814817,6.809392307692308,2.6515148000000006,24.49144859223979
ZM,5/1/2026,Large,Software,"Zoom Communications, Inc.",30488,103.44,16.162499999999998,3.1166013859596267,20.275,6.2194,1.2194,16.737864077669904,20.28778427055526,6.731711642561926,13.679764864864865,3.9345829268292687,2.2840090909090907,32.472989721633404
DAC,5/1/2026,Mid,Marine Transportation,Danaos Corporation,2180,119.77,6.34375,0.5763437755642173,13.701,6.5767,1.3473,4.4757100149476825,15.546035633344408,1.2355315309881514,10.816016666666668,4.927083333333333,1.62666,14.808432489163666
ABEV,6/1/2026,Large,Beverages,Ambev S.A.,50611,3.25,12.037037037037036,2.901785714285714,17.251,9.7836,1.584,17.105263157894736,20.234902564677444,5.549900685175895,20.71975833333333,7.386891666666667,2.996783333333333,20.32649853443537
ACLS,6/1/2026,Mid,Semiconductors & Semiconductor Equipment,"Axcelis Technologies, Inc.",4880,158.78,55.90845070422535,4.671373933509855,9.7373,4.5165,1.3158,49.15789474,5.762591037215665,7.951047025617153,-2.12274,-0.431932353,1.6031766666666667,23.164053783353587
AEO,6/1/2026,Mid,Specialty Retail,"American Eagle Outfitters, Inc.",2687,16.04,14.194690265486726,1.6367346938775509,17.569,6.8297,2.4813,9.962732919254657,10.38550459298792,1.915100083184137,13.840340909090912,5.206670833333333,3.5759346153846154,17.648138589936444
ASO,6/1/2026,Mid,Specialty Retail,"Academy Sports and Outdoors, Inc.",3314,51.38,15.475903614457833,1.5369428656895006,18.047,6.1011,2.4303,9.274368231046932,10.38550459298792,1.915100083184137,13.840340909090912,5.206670833333333,3.5759346153846154,17.648138589936444
BYD,6/1/2026,Mid,"Hotels, Restaurants & Leisure",Boyd Gaming Corporation,6315,84.96,34.536585365853654,2.5069341988787253,94.281,8.2,2.6072,3.6827048114434326,17.37527786351152,4.856005352088357,9.542546428571429,5.949800000000001,4.118830357142857,19.53006450173272
CHA,6/1/2026,Mid,"Hotels, Restaurants & Leisure",Chagee Holdings Limited,2432,12.75,15.9375,2.146464646464646,15.343,7.0985,1.4892,19.921875,17.37527786351152,4.856005352088357,9.542546428571429,5.949800000000001,4.118830357142857,19.53006450173272
CHRD,6/1/2026,Mid,"Oil, Gas & Consumable Fuels",Chord Energy Corporation,7769,137.99,15.734321550741164,0.965235031,-0.8013,3.0645,1.6451,-115.9579832,6.068608106388594,2.0740563503277207,9.043504166666667,4.3027999999999995,2.169511904761905,4.218434696338424
COP,6/1/2026,Large,"Oil, Gas & Consumable Fuels",ConocoPhillips,142382,116.87,24.760593220338986,2.2059267648169123,11.284,5.8653,1.9015,19.875850340136054,20.451079566012602,2.640126789154415,14.171995833333332,5.568499999999999,2.764426530612245,18.87452756536408
CRUS,6/1/2026,Mid,Semiconductors & Semiconductor Equipment,"Cirrus Logic, Inc.",8630,170.62,13.726468222043444,4.056585829766999,20.327,11.948,1.1698,21.735031847133758,5.762591037215665,7.951047025617153,-2.12274,-0.431932353,1.6031766666666667,23.164053783353587
CVE,6/1/2026,Large,"Oil, Gas & Consumable Fuels",Cenovus Energy Inc.,54583,29.27,17.526946107784433,2.343474779823859,14.832,5.667,1.9943,16.171270718232044,20.451079566012602,2.640126789154415,14.171995833333332,5.568499999999999,2.764426530612245,18.87452756536408
DDI,6/1/2026,Small,Entertainment,"DoubleDown Interactive Co., Ltd.",580,11.7,4.090909090909091,0.5915065722952476,12.354,8.7256,1.096,5.086956521739131,-4.892124813,0.1138675356797641,3.8536444444444435,2.1026199999999995,-0.225075,-0.417244885
DOX,6/1/2026,Mid,IT Services,Amdocs Limited,6688,63,10.096153846153845,1.9774011299435028,15.858,8.1562,1.8815,12.6,-5.066563327,2.5614893237083463,8.7507,1.322090909090909,2.2964625,3.0128213234916474
FHI,6/1/2026,Mid,Capital Markets,"Federated Hermes, Inc.",4259,56.11,13.58595641646489,3.355861244019139,33.76,15.33,1.7801,10.89514563106796,9.152730634845826,3.5694998185904656,18.21094166666667,8.016767567567568,2.9950444444444444,14.560238911910435
FINV,6/1/2026,Small,Consumer Finance,FinVolution Group,1218,5.16,5.108910891089109,0.5518716577540107,15.712,16.481,1.5356,3.7664233576642334,4.434501381803656,1.2533407267920547,13.484292857142858,6.28310625,3.7434133333333337,5.761903481437609
G,6/1/2026,Mid,Professional Services,Genpact Limited,5600,33.04,8.763925729,2.263013698630137,23.117,9.1816,2.2694,10.134969325153374,13.00852698316598,3.6184555969260686,20.1445,6.506311111111112,2.9680999999999997,17.054333417996958
GIB,6/1/2026,Large,IT Services,CGI Inc.,14521,69.34,10.005772005772007,2.027485380116959,16.622,8.814,1.9302,12.607272727272727,28.587047726259307,6.036324271457052,8.825431250000001,4.554883333333333,2.2199081250000003,26.52128918473559
GIII,6/1/2026,Small,"Textiles, Apparel & Luxury Goods","G-III Apparel Group, Ltd.",1375,32.58,5.271844660194175,0.7809204218600192,3.916,3.8415,1.4832,21.57615894039735,23.111177324386173,1.718605722157264,7.152966666666667,4.1690125,2.2722875,29.44634257894728
GMAB,6/1/2026,Large,Biotechnology,Genmab A/S,14642,23.85,1.695095948827292,0.25764286485902566,14.957,8.484,2.1781,1.819221967963387,5.318715112035299,10.018072323751104,10.270745454545455,-0.348604,1.5856999999999999,7.633977634312181
GSL,6/1/2026,Small,Marine Transportation,"Global Ship Lease, Inc.",1354,37.57,3.318904593639576,0.7195939475196322,22.471,8.8166,1.5462,3.598659003831418,6.873062894,0.8847098958743823,8.522070000000001,3.6789199999999993,1.87226,7.180467715
HAFN,6/1/2026,Mid,"Oil, Gas & Consumable Fuels",Hafnia Limited,3893,7.79,8.56043956,1.527450980392157,18.931,6.9876,1.5854,8.655555555555555,6.068608106388594,2.0740563503277207,9.043504166666667,4.3027999999999995,2.169511904761905,4.218434696338424
HG,6/1/2026,Mid,Insurance,"Hamilton Insurance Group, Ltd.",2842,28.63,3.146153846153846,1.0441283734500364,33.74,6.0284,3.6232,4.693442623,6.731199001719902,2.122811000254472,17.78981363636364,2.742354166666667,5.666246363636363,9.048712544544651
HNI,6/1/2026,Mid,Commercial Services & Supplies,HNI Corporation,2214,30.75,341.6666666666667,1.2479707792207793,0.1163,4.3434,2.6909,1537.5,26.688714049099378,2.551627558541589,7.891799999999999,5.901646666666667,2.3723727272727273,23.277316776743916
KOF,6/1/2026,Large,Beverages,"Coca-Cola FEMSA, S.A.B. de C.V.",22849,108.76,24.887871853546912,2.9626804685371835,15.825,7.5591,2.41,17.77124183006536,20.234902564677444,5.549900685175895,20.71975833333333,7.386891666666667,2.996783333333333,20.32649853443537
LDOS,6/1/2026,Large,Professional Services,"Leidos Holdings, Inc.",15952,126.82,8.662568306010929,3.1824341279799246,30.579,9.2315,3.0694,11.602927721866422,18.957626136058845,7.282941758940986,30.320674999999998,8.491600000000002,3.424658333333333,23.017883571381628
LX,6/1/2026,Small,Consumer Finance,LexinFintech Holdings Ltd.,377,2.29,0.8327272727272728,0.22718253968253968,14.781,4.3845,1.9379,1.6962962962962962,4.434501381803656,1.2533407267920547,13.484292857142858,6.28310625,3.7434133333333337,5.761903481437609
MAT,6/1/2026,Mid,Leisure Products,"Mattel, Inc.",4175,14.37,13.305555555555554,1.9820689655172412,23.557,5.3883,3.0049,9.094936708860759,13.78165934874186,4.585273290977489,7.8047375,5.4674,3.3204666666666665,12.988327125276426
MOMO,6/1/2026,Small,Interactive Media & Services,Hello Group Inc.,851,5.76,9.762711864,0.5619512195121951,7.1635,5.2645,1.2667,8.470588235294116,6.362052693558097,1.1741776818862528,2.756011111111111,2.5108349999999997,1.6970823529411763,2.273231016022873
NMIH,6/1/2026,Mid,Financial Services,"NMI Holdings, Inc.",2708,35.64,6.421621621621622,1.0309516922186868,15.571,8.856,1.4852,7.2439024390243905,8.482842509349581,2.646282765296555,14.521442857142855,5.0645125,5.132108333333334,10.19120494778311
NXT,6/1/2026,Large,Electrical Equipment,Nextpower Inc.,22875,152.22,43.867435158501436,9.738963531669866,29.571,12.174,1.7449,39.640625,41.58204783509709,12.806839746962721,18.204921428571428,6.9787333333333335,2.470428571428571,54.164565032784246
ON,6/1/2026,Large,Semiconductors & Semiconductor Equipment,ON Semiconductor Corporation,50016,128.64,44.054794520547944,6.904991948470209,7.4939,6.8267,1.6449,91.23404255319149,81.36021600169329,15.448773824638574,17.9996575,7.849800000000001,1.669605,81.87300338989292
OVV,6/1/2026,Large,"Oil, Gas & Consumable Fuels",Ovintiv Inc.,16451,58.54,10.342756183745582,1.431996086105675,7.1263,6.4665,1.9289,19.91156462585034,20.451079566012602,2.640126789154415,14.171995833333332,5.568499999999999,2.764426530612245,18.87452756536408
PAGS,6/1/2026,Mid,Financial Services,PagSeguro Digital Ltd.,2577,9.22,2.719764012,0.912871287,14.518,6.5066,5.1773,6.539007092198583,8.482842509349581,2.646282765296555,14.521442857142855,5.0645125,5.132108333333334,10.19120494778311
PDD,6/1/2026,Large,Broadline Retail,PDD Holdings Inc.,125515,88.18,7.980090497737557,2.0169258920402564,25.4,10.334,1.5061,9.420940170940172,5.352643241,5.789671184672718,18.738349999999997,4.7469874999999995,3.232075,27.062644283378752
PDS,6/1/2026,Small,Energy Equipment & Services,Precision Drilling Corporation,1204,93.06,11.809644670050762,1.0360721442885772,-0.8427,3.2852,1.6983,-110.7857143,11.869167237765362,1.7186503391406462,5.006511111,3.753705,2.3502631578947364,25.128203837094734
PHM,6/1/2026,Large,Household Durables,"PulteGroup, Inc.",22434,117.77,12.941758241758242,1.734462444771723,16.178,9.9597,1.4046,11.356798457087754,14.417452304375107,3.0943142450992074,15.650062499999999,7.429125000000001,1.5506428571428574,18.02552448402556
PTC,6/1/2026,Large,Software,PTC Inc.,16441,142.34,18.295629820051413,4.259126271693597,34.4,11.99,1.6937,13.686538461538461,21.750729329257823,7.966210074575412,7.0176533333333335,2.353919148936171,2.051258536585366,31.02420730761717
RWAY,6/1/2026,Small,Capital Markets,Runway Growth Finance Corp.,277,6.52,2,0.537510305,-0.5595,6.1155,2.065,-93.14285714,0.8684715627312685,1.1936331171628562,5.280090243902439,4.2491153846153855,2.297421951219512,8.291016037562201
SCVL,6/1/2026,Small,Specialty Retail,"Shoe Carnival, Inc.",478,17.39,7.6607929515418505,0.7071980479869866,5.6214,2.6506,1.7212,12.881481481481481,6.415443672813017,1.7773636099258974,5.3051,2.686226666666667,2.818763125,10.756566669019904
SFD,6/1/2026,Large,Food Products,"Smithfield Foods, Inc.",10152,25.8,12.709359605911331,1.4793577981651376,14.953,7.2846,1.7485,10.078125,15.930356732393003,1.6325494292622096,11.563149999999998,4.534142857142856,2.3721615384615387,19.45759921892496
SGU,6/1/2026,Small,Gas Utilities,"Star Group, L.P.",421,12.81,44.17241379310345,1.031400966183575,24.878,8.2249,2.7109,5.186234817813765,26.88222679704924,1.375646959,21.8585,6.87795,2.98645,7.413117408906883
SITC,6/1/2026,,,,,,,,,,,,,,,,,
SM,6/1/2026,Mid,"Oil, Gas & Consumable Fuels",SM Energy Company,7897,32.94,8.073529411764705,1.149738219895288,2.3243,2.9402,2.7874,34.3125,6.068608106388594,2.0740563503277207,9.043504166666667,4.3027999999999995,2.169511904761905,4.218434696338424
STNG,6/1/2026,Mid,"Oil, Gas & Consumable Fuels",Scorpio Tankers Inc.,3735,75.04,6.730044843049328,1.0083310937919914,15.869,6.2567,1.1953,7.400394477317555,6.068608106388594,2.0740563503277207,9.043504166666667,4.3027999999999995,2.169511904761905,4.218434696338424
SU,6/1/2026,Large,"Oil, Gas & Consumable Fuels",Suncor Energy Inc.,77114,65.31,15.153132250580049,2.350971922,13.97,5.9451,2.0278,17.323607427055702,20.451079566012602,2.640126789154415,14.171995833333332,5.568499999999999,2.764426530612245,18.87452756536408
TGT,6/1/2026,Large,Consumer Staples Distribution & Retail,Target Corporation,55947,123.18,18.440119760479043,3.4121883656509695,22.015,5.6745,3.5383,16.27212681638045,28.459010489710767,5.753238231438374,20.43101818181818,6.573190909,3.20082,29.48895446186013
TMHC,6/1/2026,Mid,Household Durables,Taylor Morrison Home Corporation,6583,71.5,10.15625,1.0826771653543306,11.109,6.6164,1.5661,10.639880952380953,13.652588334075134,1.4029383356847769,9.917483333333333,6.153092307692308,1.5219090909090909,14.519173250050947
TTE,6/1/2026,Large,"Oil, Gas & Consumable Fuels",TotalEnergies SE,198575,89.4,17.915831663326653,1.556406685236769,12.512,4.8918,2.567,13.264094955489615,20.451079566012602,2.640126789154415,14.171995833333332,5.568499999999999,2.764426530612245,18.87452756536408
VCTR,6/1/2026,Mid,Capital Markets,"Victory Capital Holdings, Inc.",5319,85.06,13.187596899224806,2.254439438112908,21.7,12.16,1.7552,19.157657657657655,9.152730634845826,3.5694998185904656,18.21094166666667,8.016767567567568,2.9950444444444444,14.560238911910435
VIPS,6/1/2026,Mid,Broadline Retail,Vipshop Holdings Limited,6964,14.5,9.415584415584416,1.1646586345381527,17.789,6.6407,1.9377,6.712962962962963,16.33687812720524,3.2143253574668287,13.129500000000002,6.631766666666667,2.2948625000000002,15.321156283909847
WIT,6/1/2026,Large,IT Services,Wipro Limited,23184,2.21,15.785714285714285,2.4831460674157304,15.487,6.8618,1.6066,17,28.587047726259307,6.036324271457052,8.825431250000001,4.554883333333333,2.2199081250000003,26.52128918473559
YALA,6/1/2026,Small,Interactive Media & Services,Yalla Group Limited,858,5.65,6.494252873563219,1.034798534798535,17.979,8.2373,1.09,7.151898734177215,6.362052693558097,1.1741776818862528,2.756011111111111,2.5108349999999997,1.6970823529411763,2.273231016022873
YUMC,6/1/2026,Large,"Hotels, Restaurants & Leisure","Yum China Holdings, Inc.",15231,43.39,16.94921875,2.788560411311054,16.292,7.8357,1.9947,16.68846153846154,24.94833729118603,2.793608141365469,9.069515384615386,7.33574,2.315281304347826,25.47759123617801
ZM,6/1/2026,Large,Software,"Zoom Communications, Inc.",32807,111.88,17.00303951367781,3.2934942596408594,21.948,6.5475,1.2197,16.4287812,21.750729329257823,7.966210074575412,7.0176533333333335,2.353919148936171,2.051258536585366,31.02420730761717
DAC,6/1/2026,Mid,Marine Transportation,Danaos Corporation,2345,128.8,7.567567567567568,0.5984852005018354,14.03,6.58,1.3039,4.544812985179958,13.907119859216518,1.263273897,9.956816666666667,4.688916666666667,1.6065800000000003,16.59180441657667
ABEV,7/1/2026,Large,Beverages,Ambev S.A.,47633,3.07,11.370370370370368,2.7410714285714284,17.251,9.7836,1.584,16.157894736842103,19.34322935002439,3.9242162281035076,18.119426666666662,6.782093333333334,2.70215,19.503671855595567
ACLS,7/1/2026,Mid,Semiconductors & Semiconductor Equipment,"Axcelis Technologies, Inc.",4406,143.35,50.475352112676056,4.217416887,9.7373,4.5165,1.3158,44.38080495356037,-4.276070802,6.157920348015681,-0.049566667,0.9135774193548386,1.5886483870967743,9.267079638
AEO,7/1/2026,Mid,Specialty Retail,"American Eagle Outfitters, Inc.",2817,16.81,15.422018348623851,1.7118126272912422,17.569,6.8297,2.4813,10.440993788819874,10.32529425140024,2.374252414019031,18.947408,5.2997875,3.9419730769230767,18.442113362567227
ASO,7/1/2026,Mid,Specialty Retail,"Academy Sports and Outdoors, Inc.",2872,46.31,12.899721448467968,1.3865269461077845,18.848,5.8752,2.5949,8.153169014084508,10.32529425140024,2.374252414019031,18.947408,5.2997875,3.9419730769230767,18.442113362567227
BYD,7/1/2026,Mid,"Hotels, Restaurants & Leisure",Boyd Gaming Corporation,6407,86.2,35.040650406504064,2.543523163174978,94.281,8.2,2.6072,3.736454269614218,19.725321989861456,5.1471680779277476,7.897962500000002,6.3150200000000005,2.764237333333334,20.50381766
CHA,7/1/2026,Mid,"Hotels, Restaurants & Leisure",Chagee Holdings Limited,2098,11,13.75,1.8518518518518516,15.343,7.0985,1.4892,17.1875,19.725321989861456,5.1471680779277476,7.897962500000002,6.3150200000000005,2.764237333333334,20.50381766
CHRD,7/1/2026,Mid,"Oil, Gas & Consumable Fuels",Chord Energy Corporation,6609,117.39,13.385404789053592,0.8211387800783435,-0.8013,3.0645,1.6451,-98.64705882,6.449115392348709,2.136297996819641,11.753458333333333,4.587474242424243,2.059057142857143,8.777356276947113
COP,7/1/2026,Large,"Oil, Gas & Consumable Fuels",ConocoPhillips,132843,109.04,23.10169491525424,2.0581351453378636,11.284,5.8653,1.9015,18.54421768707483,21.76823764069917,2.5158363760178157,12.53086274509804,5.360307407407407,2.7592654545454547,19.010507696372166
CRUS,7/1/2026,Mid,Semiconductors & Semiconductor Equipment,"Cirrus Logic, Inc.",7586,150.36,12.09654062751408,3.574893009985735,20.327,11.948,1.1698,19.154140127388537,-4.276070802,6.157920348015681,-0.049566667,0.9135774193548386,1.5886483870967743,9.267079638
CVE,7/1/2026,Large,"Oil, Gas & Consumable Fuels",Cenovus Energy Inc.,49231,26.4,15.808383233532934,2.1136909527622096,14.832,5.667,1.9943,14.58563535911602,21.76823764069917,2.5158363760178157,12.53086274509804,5.360307407407407,2.7592654545454547,19.010507696372166
DDI,7/1/2026,Small,Entertainment,"DoubleDown Interactive Co., Ltd.",567,11.45,4.003496503496503,0.5788675429726996,12.354,8.7256,1.096,4.978260869565218,-0.607501616,0.2097881063510778,6.636455555555555,2.1962199999999994,0.004327273,-1.076109803
DOX,7/1/2026,Mid,IT Services,Amdocs Limited,5511,51.91,8.318910256410255,1.6293157564344005,15.858,8.1562,1.8815,10.382,1.9074529211242246,2.723530972,5.2461,0.8431363636363638,4.614188888888889,-12.07603749
FHI,7/1/2026,Mid,Capital Markets,"Federated Hermes, Inc.",4520,59.54,14.416464891041162,3.5610047846889956,33.76,15.33,1.7801,11.561165048543689,10.512316307845635,3.1862406392624307,16.51973333333333,7.965210526315789,2.6762342857142856,15.856150323546078
FINV,7/1/2026,Small,Consumer Finance,FinVolution Group,1072,4.54,5.279069767441861,0.4604462474645031,13.782,14.894,1.5813,3.721311475409836,3.8135317130655806,1.3802020790518776,13.627118750000001,6.190622222222222,4.3578222222222225,4.596754744694724
FSLR,7/1/2026,Large,Semiconductors & Semiconductor Equipment,"First Solar, Inc.",24481,227.83,14.660875160875163,2.4782987055368215,18.436,8.4465,1.3515,14.717700258397933,63.886350815263874,13.438852584882941,18.19165909090909,7.568276744186047,1.6667250000000002,70.37227805115805
G,7/1/2026,Mid,Professional Services,Genpact Limited,4978,29.37,7.790450928381963,2.0116438356164386,23.117,9.1816,2.2694,9.009202453987731,11.703492296383368,3.0537762928077083,18.69261578947368,6.261142857142858,2.6234157894736843,15.138493201555097
GIB,7/1/2026,Large,IT Services,CGI Inc.,14044,67.06,9.676767676767678,1.9608187134502923,16.622,8.814,1.9302,12.192727272727273,27.03392223324279,4.467983224440407,13.320485714285713,4.736838888888889,2.1027664705882354,17.164031070232433
GIII,7/1/2026,Small,"Textiles, Apparel & Luxury Goods","G-III Apparel Group, Ltd.",1466,34.75,8.775252525252526,0.8038399259773306,7.1904,5.8317,1.4171,12.192982456140351,14.827778184070858,1.673635788184989,7.6987,4.3309999999999995,2.2966999999999995,22.354465490815443
GMAB,7/1/2026,Large,Biotechnology,Genmab A/S,17804,29,2.061122956645345,0.31327643945122613,14.957,8.484,2.1781,2.212051868802441,6.297392419698469,9.611945255747168,9.677230769230768,-2.694863333,1.566232,8.643735305480845
GMED,7/1/2026,Large,Health Care Equipment & Supplies,"Globus Medical, Inc.",10603,78.11,17.552808988764045,2.239392201834862,13.303,8.1765,1.1495,18.207459207459205,20.84717259142381,3.585545879303395,12.713915384615385,5.949673076923077,1.8484464285714286,27.88925646619004
GSL,7/1/2026,Small,Marine Transportation,"Global Ship Lease, Inc.",1444,40.06,3.5388692579505303,0.7672859605439571,22.471,8.8166,1.5462,3.8371647509578546,7.457079979878361,0.8898543878865337,9.533554545454548,3.6700181818181816,1.8690090909090906,8.159178767409726
HAFN,7/1/2026,Mid,"Oil, Gas & Consumable Fuels",Hafnia Limited,3633,7.27,7.989010989010988,1.4254901960784314,18.931,6.9876,1.5854,8.077777777777778,6.449115392348709,2.136297996819641,11.753458333333333,4.587474242424243,2.059057142857143,8.777356276947113
HG,7/1/2026,Mid,Insurance,"Hamilton Insurance Group, Ltd.",3434,34.6,3.8021978021978025,1.261852662290299,33.74,6.0284,3.6232,5.672131147540984,7.568449313,1.9814307730715324,17.468782142857144,3.00916,4.6630340740740746,10.213542911688105
HNI,7/1/2026,Mid,Commercial Services & Supplies,HNI Corporation,2876,39.95,443.8888888888889,1.6213474025974026,0.1163,4.3019,2.6909,1997.5,20.821898111721683,2.5464255776924425,10.678457142857143,4.894035714285714,2.3416615384615387,20.93118512424457
INTU,7/1/2026,Large,Software,Intuit Inc.,75212,274.96,9.926353790613717,3.655896822231086,22.496,9.4651,1.9065,16.817125382262994,20.753295225464736,6.628248586825977,10.871013513513514,4.223376315789473,2.0777529411764704,31.546278969091937
KOF,7/1/2026,Large,Beverages,"Coca-Cola FEMSA, S.A.B. de C.V.",21893,104.21,23.846681922196794,2.8387360392263687,15.825,7.5591,2.41,17.027777777777775,19.34322935002439,3.9242162281035076,18.119426666666662,6.782093333333334,2.70215,19.503671855595567
LDOS,7/1/2026,Large,Professional Services,"Leidos Holdings, Inc.",13462,107.02,7.310109289617486,2.685570890840652,30.579,9.2315,3.0694,9.791399817017384,16.596923097629723,5.71251888,33.60180666666667,8.317213333333333,2.831758333333333,21.94000420828743
LX,7/1/2026,Small,Consumer Finance,LexinFintech Holdings Ltd.,263,1.595,0.58,0.15075614366729678,12.424,3.3052,1.8809,1.3291666666666666,3.8135317130655806,1.3802020790518776,13.627118750000001,6.190622222222222,4.3578222222222225,4.596754744694724
MAT,7/1/2026,Mid,Leisure Products,"Mattel, Inc.",3873,13.33,12.342592592592592,1.8386206896551724,23.557,5.3883,3.0049,8.436708860759493,12.869824275301168,3.3184114449163062,11.814400000000001,5.155858333333334,2.1100111111111106,11.500100692605564
MOMO,7/1/2026,Small,Interactive Media & Services,Hello Group Inc.,895,6.06,11.018181818181816,0.5684803001876172,6.6847,5.6021,1.2637,9.46875,6.891503268337655,1.3181486980936865,4.816610526,2.51931,1.7506294117647059,5.706012223861622
NICE,7/1/2026,Mid,Software,NICE Ltd.,5844,99.74,12.08969696969697,1.6257538712306436,14.76,7.7464,1.3553,11.74793875147232,16.38681394893093,4.827045907888466,4.571188136,1.8065984126984123,1.9948969642857144,20.21162964593401
NMIH,7/1/2026,Mid,Financial Services,"NMI Holdings, Inc.",3127,41.16,7.416216216216216,1.190627711888921,15.571,8.856,1.4852,8.365853658536585,8.928597142219884,2.850281917283821,12.3384,4.28695,5.44606,14.14870691243411
NXT,7/1/2026,Large,Electrical Equipment,Nextpower Inc.,16909,111.5,32.13256484149856,7.133717210492642,29.571,12.174,1.7449,29.036458333333336,33.490524608190064,9.091635520545733,18.719871428571427,6.434413636363636,2.3649263157894738,39.14458586232243
ON,7/1/2026,Large,Semiconductors & Semiconductor Equipment,ON Semiconductor Corporation,37346,95.96,32.863013698630134,5.150831991411701,7.4939,6.8267,1.6449,68.05673758865248,63.886350815263874,13.438852584882941,18.19165909090909,7.568276744186047,1.6667250000000002,70.37227805115805
OPCH,7/1/2026,Mid,Health Care Providers & Services,"Option Care Health, Inc.",3387,21.57,16.218045112781954,2.505226480836237,15.262,6.1908,2.5018,16.8515625,21.503270074224346,5.521936804921821,15.724145833333333,5.983533333333332,3.2849555555555554,20.538241307555612
OVV,7/1/2026,Large,"Oil, Gas & Consumable Fuels",Ovintiv Inc.,15605,55.53,9.810954064,1.3583659491193738,7.1263,6.4665,1.9289,18.887755102040817,21.76823764069917,2.5158363760178157,12.53086274509804,5.360307407407407,2.7592654545454547,19.010507696372166
PAGS,7/1/2026,Mid,Financial Services,PagSeguro Digital Ltd.,2586,9.25,2.7286135693215336,0.9158415841584159,14.518,6.5066,5.1773,6.560283687943262,8.928597142219884,2.850281917283821,12.3384,4.28695,5.44606,14.14870691243411
PDD,7/1/2026,Large,Broadline Retail,PDD Holdings Inc.,121174,85.13,7.7040723981900445,1.947163769441903,25.4,10.334,1.5061,9.09508547,17.31047790874697,5.245786851920454,18.906879999999997,5.6459090909090905,3.1830000000000003,25.179176016222407
PDS,7/1/2026,Small,Energy Equipment & Services,Precision Drilling Corporation,1040,80.34,10.19543147208122,0.8944555778223114,-0.8427,3.2852,1.6983,-95.64285714,10.942881283952227,1.5456628631299665,5.057107692307692,3.4826799999999993,1.9944608695652173,18.24858534596129
PHM,7/1/2026,Large,Household Durables,"PulteGroup, Inc.",23763,124.75,13.70879120879121,1.837260677466863,16.178,9.9597,1.4046,12.029893924783028,21.116615855089165,3.0950728912166956,14.633849999999999,6.371088888888889,1.6942666666666666,19.78163364499299
PTC,7/1/2026,Large,Software,PTC Inc.,14408,124.74,16.033419023136247,3.7324955116696588,34.4,11.99,1.6937,11.994230769230768,20.753295225464736,6.628248586825977,10.871013513513514,4.223376315789473,2.0777529411764704,31.546278969091937
QFIN,7/1/2026,Small,Consumer Finance,"Qfin Holdings, Inc.",1607,13.2,1.1548556430446193,0.4551724137931034,21.295,8.297,2.2223,2.357142857142857,3.8135317130655806,1.3802020790518776,13.627118750000001,6.190622222222222,4.3578222222222225,4.596754744694724
RWAY,7/1/2026,,,,,,,,,,,,,,,,,
SFD,7/1/2026,Mid,Food Products,"Smithfield Foods, Inc.",9707,24.67,12.152709359605913,1.4145642201834863,14.953,7.2846,1.7485,9.63671875,13.65070605591311,1.892545480650315,12.9261,5.3760315789473685,2.5429947368421053,17.82882892415369
SGU,7/1/2026,Small,Gas Utilities,"Star Group, L.P.",422,12.86,44.34482759,1.035426731078905,24.878,8.2249,2.7109,5.206477732793521,31.529675039706916,1.4822952751719418,15.044875,5.1838750000000005,3.14225,16.070565511629752
SHOE,7/1/2026,Small,Specialty Retail,Shoe Station Group Inc.,417,15.36,6.7665198237885456,0.6193548387096773,5.6214,3.3903,1.7212,11.377777777777776,8.383559897364977,1.7923236700706278,6.284282758620689,2.622937142857143,2.500896764705882,10.342971373726051
SITC,7/1/2026,,,,,,,,,,,,,,,,,
SM,7/1/2026,Mid,"Oil, Gas & Consumable Fuels",SM Energy Company,6667,27.81,6.816176470588235,0.9706806282722513,2.3243,2.9402,2.7874,28.96875,6.449115392348709,2.136297996819641,11.753458333333333,4.587474242424243,2.059057142857143,8.777356276947113
STNE,7/1/2026,Mid,Financial Services,StoneCo Ltd.,2727,11.21,7.375000000000001,1.1532921810699588,30.7,7.0887,4.8904,4.246212121212121,8.928597142219884,2.850281917283821,12.3384,4.28695,5.44606,14.14870691243411
STNG,7/1/2026,Mid,"Oil, Gas & Consumable Fuels",Scorpio Tankers Inc.,3948,79.32,7.113901345291479,1.065842515452835,15.869,6.2567,1.1953,7.822485207,6.449115392348709,2.136297996819641,11.753458333333333,4.587474242424243,2.059057142857143,8.777356276947113
STZ,7/1/2026,Large,Beverages,"Constellation Brands, Inc.",22895,134.06,13.104594330400781,2.8657545959811883,23.69,8.5736,2.7097,12.791984732824428,19.34322935002439,3.9242162281035076,18.119426666666662,6.782093333333334,2.70215,19.503671855595567
SU,7/1/2026,Large,"Oil, Gas & Consumable Fuels",Suncor Energy Inc.,69959,59.25,13.74709976798144,2.132829373650108,13.97,5.9451,2.0278,15.716180371352785,21.76823764069917,2.5158363760178157,12.53086274509804,5.360307407407407,2.7592654545454547,19.010507696372166
TEL,7/1/2026,Large,"Electronic Equipment, Instruments & Components",TE Connectivity plc,58484,200.36,17.407471763683755,4.422958057395144,22.72,9.5495,1.9404,20.424057084607544,38.768094251312085,5.929786579460189,12.580744444444445,5.324594444444444,2.673014285714286,39.96826693287601
TGT,7/1/2026,Large,Consumer Staples Distribution & Retail,Target Corporation,61379,135.14,20.230538922155688,3.7434903047091406,22.015,5.6745,3.5383,17.852047556142665,14.958808699982162,5.062845170452981,17.727842105263157,5.76459,3.0551625000000002,28.713878060086294
TME,7/1/2026,Large,Entertainment,Tencent Music Entertainment Group,14539,8.88,10.571428571428573,1.2685714285714287,11.95,6.3341,1.3432,10.829268292682928,24.0780807,6.452304776230019,12.206949999999999,5.984122222222222,2.1321875,23.331216701590087
TMHC,7/1/2026,Mid,Household Durables,Taylor Morrison Home Corporation,6610,71.85,10.205965909090908,1.0879769836462747,11.109,6.6164,1.5661,10.691964285714285,9.077366753287308,1.6863700711927865,9.418718182,4.780085714285716,1.82205,17.96051714352894
TTE,7/1/2026,Large,"Oil, Gas & Consumable Fuels",TotalEnergies SE,174526,78.5,15.731462925851703,1.3666434540389973,12.512,4.8918,2.567,11.646884272997033,21.76823764069917,2.5158363760178157,12.53086274509804,5.360307407407407,2.7592654545454547,19.010507696372166
UHS,7/1/2026,Mid,Health Care Providers & Services,"Universal Health Services, Inc.",9418,155.57,11.025513819985825,1.2616170626875354,21.369,8.3535,2.1007,6.484785327219675,21.503270074224346,5.521936804921821,15.724145833333333,5.983533333333332,3.2849555555555554,20.538241307555612
VCTR,7/1/2026,Mid,Capital Markets,"Victory Capital Holdings, Inc.",5768,92.24,14.300775193798449,2.444738934534853,21.7,12.16,1.7552,20.774774774774773,10.512316307845635,3.1862406392624307,16.51973333333333,7.965210526315789,2.6762342857142856,15.856150323546078
VIPS,7/1/2026,Mid,Broadline Retail,Vipshop Holdings Limited,6695,13.94,9.051948052,1.1196787148594378,17.789,6.6407,1.9377,6.453703703703703,13.955278581635767,2.812425258873273,13.28292857142857,6.4164900000000005,2.6683777777777777,11.84020758638479
WIT,7/1/2026,Large,IT Services,Wipro Limited,18498,1.87,13.357142857142856,2.077777777777778,15.44,6.9124,1.603,14.384615384615385,27.03392223324279,4.467983224440407,13.320485714285713,4.736838888888889,2.1027664705882354,17.164031070232433
YALA,7/1/2026,Small,Interactive Media & Services,Yalla Group Limited,817,5.38,6.183908045977011,0.9853479853479853,17.979,8.2373,1.09,6.810126582278481,6.891503268337655,1.3181486980936865,4.816610526,2.51931,1.7506294117647059,5.706012223861622
YUMC,7/1/2026,Large,"Hotels, Restaurants & Leisure","Yum China Holdings, Inc.",14803,43.02,16.8046875,2.7647814910025708,16.292,7.8357,1.9947,16.546153846153846,24.52191653915533,2.870941483879902,9.447831034,7.134542857142857,2.743069231,25.698714308577095
ZM,7/1/2026,Large,Software,"Zoom Communications, Inc.",26321,89.76,13.641337386018238,2.6423314689431856,21.948,6.5475,1.2197,13.180616740088107,20.753295225464736,6.628248586825977,10.871013513513514,4.223376315789473,2.0777529411764704,31.546278969091937
DAC,7/1/2026,Mid,Marine Transportation,Danaos Corporation,2337,128.39,7.5434782608695645,0.5965800845685608,14.03,6.58,1.3039,4.530345800988003,9.161920699418504,1.287666311936138,9.956816666666667,4.704283333333334,1.6065800000000003,16.470674185357964
